Workbook

Sheet สรุปเสนอผู้บริหาร
A1: งบโครงสร้าง Go-kart Simulator
A3: เสนอพิจารณา | จัดทำ 24 ต.ค. 2026 | ฐานประมาณการ 23 ต.ค. 2026 | บาทต่อหนึ่งเครื่อง
A5: รวมโครง + พื้น/ตัวถัง/กันชน + เบาะ + ล้อ/ยาง/ดุม + ขาจอ
A6: ไม่รวมอุปกรณ์ Sim/Motion, PC และตัวจอ | ขอบเขตยืนยันแล้ว ราคายังเป็นประมาณการ
A8: รายการ | C8: ประมาณการต่ำ / บาท | E8: ประมาณการสูง / บาท
A9: โครงท่อหลัก | C9: ='รายละเอียดงบ'!D8 -> 30000 | E9: ='รายละเอียดงบ'!E8 -> 45000
A10: พื้นและตัวรถ | C10: ='รายละเอียดงบ'!D9 -> 18000 | E10: ='รายละเอียดงบ'!E9 -> 30000
A11: ชุดเบาะ | C11: ='รายละเอียดงบ'!D10 -> 6000 | E11: ='รายละเอียดงบ'!E10 -> 12000
A12: ชุดขาจอ | C12: ='รายละเอียดงบ'!D11 -> 12000 | E12: ='รายละเอียดงบ'!E11 -> 20000
A13: รวมก่อนเงินเผื่อ | C13: ='รายละเอียดงบ'!D13 -> 66000 | E13: ='รายละเอียดงบ'!E13 -> 107000
A14: ="เงินเผื่อ "&TEXT('รายละเอียดงบ'!B5,"0%") -> เงินเผื่อ 20% | C14: ='รายละเอียดงบ'!D14 -> 13200 | E14: ='รายละเอียดงบ'!E14 -> 21400
A15: รวมเงินเผื่อแล้ว | C15: ='รายละเอียดงบ'!D15 -> 79200 | E15: ='รายละเอียดงบ'!E15 -> 128400
A17: ช่วงปัดสำหรับคุยทีม | C17: =ROUND(C15,-4) -> 80000 | E17: =ROUND(E15,-4) -> 130000
A18: ค่ากลางปัดเพื่อเริ่มคุย — ไม่ใช่เพดานอนุมัติ | E18: =ROUND(AVERAGE(C15,E15),-4) -> 100000
A20: แยกงบเพิ่มเติม: อุปกรณ์ Sim/Motion, PC, จอ, ระบบไฟ/ซอฟต์แวร์, ออกแบบ/จิ๊ก/ทดลอง/ทดสอบ, ประกอบรวมระบบขั้นสุดท้าย, ชุดขนย้าย และค่าโชว์; VAT/ขนส่งต้องตรวจจากใบเสนอราคาจริง
A23: สถานะ: ยังไม่มีใบเสนอราคาและยังไม่อนุมัติงบ/จัดซื้อ งบนี้เป็นเพียงส่วนโครงสร้าง ไม่ใช่งบเครื่องพร้อมโชว์ทั้งระบบ และห้ามบวกซ้ำกับหมวดเดียวกันในงบรวมเดิม
A26: ปรับตัวเลขสีน้ำเงินในชีต “รายละเอียดงบ” ยอดสรุปคำนวณอัตโนมัติ | E26: ไปปรับรายละเอียด →

Sheet รายละเอียดงบ
A1: รายละเอียดงบโครงสร้าง
A3: ตัวเลขสีน้ำเงินแก้ไขได้ | ฐานประมาณการ 23 ต.ค. 2026 | ทุกหมวดต่อหนึ่งเครื่อง ไม่ใช่ราคาต่อชิ้น
A5: เผื่อ | B5: 0.2 | C5: อัตราเงินเผื่อคิดจากยอดโครงสร้างก่อนเผื่อเพียงครั้งเดียว ไม่ครอบคลุมรายการที่แยกออก
A7: รหัส | B7: หมวด | C7: รายละเอียดที่รวม | D7: ต่ำ / บาท | E7: สูง / บาท | F7: สถานะ
A8: S01 | B8: โครงท่อหลัก | C8: ท่อเหล็ก คานรอง จุดเสริมรับ Motion วัสดุ ตัด ดัด เชื่อม และทำสี | D8: 30000 | E8: 45000 | F8: ประมาณการโครงการ ยังไม่มีใบเสนอราคา
A9: S02 | B9: พื้นและตัวรถ | C9: พื้น ตัวถัง กันชน ล้อ 4 ล้อ ยาง และดุม ไม่มีเครื่องยนต์หรือระบบขับรถจริง | D9: 18000 | E9: 30000 | F9: ประมาณการโครงการ ยังไม่มีใบเสนอราคา
A10: S03 | B10: ชุดเบาะ | C10: เบาะโกคาร์ท รางเลื่อน และชุดรอง/ขายึด ต้องยืนยันขนาดและจุดยึด | D10: 6000 | E10: 12000 | F10: ประมาณการโครงการ ยังไม่มีใบเสนอราคา
A11: S04 | B11: ชุดขาจอ | C11: โครงรองรับสามจอ ขายึด และชุดถอดประกอบ ไม่รวมตัวจอ | D11: 12000 | E11: 20000 | F11: ประมาณการโครงการ ยังไม่มีใบเสนอราคา
A13: รวมก่อนเงินเผื่อ | D13: =SUM(D8:D11) -> 66000 | E13: =SUM(E8:E11) -> 107000
A14: เงินเผื่อ | D14: =D13*$B$5 -> 13200 | E14: =E13*$B$5 -> 21400
A15: รวมเงินเผื่อแล้ว | D15: =D13+D14 -> 79200 | E15: =E13+E14 -> 128400
A17: ราคาย่อย เช่น ค่าเหล็ก ค่าเชื่อม ค่าล้อ หรือค่าแรง ยังไม่ได้แยกจากผู้ผลิต จึงไม่สร้างราคาย่อยสมมติขึ้นมาแทนใบเสนอราคา
A20: งานผลิตแต่ละชุดอยู่ในหมวดนั้นแล้ว ส่วนออกแบบ จิ๊ก ทดลอง ทดสอบ ประกอบรวมระบบขั้นสุดท้าย และชุดขนย้ายแยกงบ ตรวจขอบเขตอะแดปเตอร์เฉพาะรุ่นและ interface GM5 ก่อนยืนยันราคา
A23: ที่มา: docs/structure-budget-th.md (23 ต.ค. 2026) ซึ่งคัดสี่หมวดจาก docs/show-ready-plan-th.md (21 ต.ค. 2026) ไม่มีการขอราคาใหม่ในรอบจัดทำ Excel

Sheet สมมติฐานและไม่รวม
A1: สมมติฐาน / ขอบเขต / รายการรอราคา
A3: ไม่มีรายการรอราคาใดถูกนับเป็นศูนย์ในงบโครงสร้าง ต้องแยกประเมินก่อนรวมงบทั้งเครื่อง
A5: หัวข้อ | B5: รายละเอียด | C5: สถานะ
A6: ฐานผลิต | B6: ประเมินต้นแบบหนึ่งเครื่อง ตัวรถตั้งต้น 1,800 × 1,300 มม. ไม่รวมพื้นที่จอยื่นและการเคลื่อน Motion | C6: สมมติฐาน ยังไม่ใช่แบบผลิต
A7: วิธีผลิต | B7: โครงเหล็กเชื่อม โมดูลถอดด้วยน็อต งานสีสำหรับโชว์ วัสดุและจุดยึดต้องตรวจโหลด/แบบจริง | C7: ข้อเสนอวิธีผลิต
A8: เบาะและล้อ | B8: รวมเบาะ ราง ขายึด ล้อ ยาง และดุม รุ่น/ขนาด/คุณภาพยังต้องเลือก | C8: ยืนยันขอบเขต ยังไม่เลือกรุ่น
A9: ขาจอ | B9: รวมโครงรองรับสามจอและชุดถอด ต้องตรวจน้ำหนักและแรงจาก Motion | C9: ยืนยันขอบเขต รอตรวจแบบ
A10: รายการที่ราคาผันแปร | B10: รูปทรงตัวถัง งานผิว ขาจอ จุดรับ Motion และจำนวนรอบแก้แบบ | C10: ต้องดูแบบก่อนตีราคาจริง
A11: อุปกรณ์ Sim / Motion | B11: ฐาน FFB พวงมาลัย แป้น เบรก Active ชุด Motion/controller และอุปกรณ์เสริม | C11: ไม่รวม / รอเลือกรุ่นและราคา
A12: PC และจอภาพ | B12: PC จอ และอุปกรณ์คอมพิวเตอร์ ไม่รวมตัวจอแม้ขาจออยู่ในงบ | C12: ไม่รวม / แยกงบ
A13: ระบบไฟ / ซอฟต์แวร์ | B13: สาย อุปกรณ์เชื่อมต่อ ระบบหยุด เกม ซอฟต์แวร์ควบคุม และไลเซนส์ | C13: ไม่รวม / รอผัง รุ่น และสิทธิ์
A14: พัฒนา / จิ๊ก / ทดสอบ | B14: ออกแบบ จิ๊ก mock-up ชิ้นส่วนทดลอง การทดสอบและตรวจรับ | C14: ไม่รวม / ประเมินขอบเขตก่อน
A15: ประกอบรวมระบบ | B15: ติดตั้ง/รวมระบบและตั้งค่าขั้นสุดท้าย แยกจากค่าผลิตแต่ละชุดที่อยู่ในงบแล้ว | C15: ไม่รวม / ป้องกันคิดแรงงานซ้ำ
A16: ขนย้ายและงานโชว์ | B16: ชุดขนย้าย แพ็กกิ้ง ค่ารถ บูธ เดินทาง และเจ้าหน้าที่ | C16: ไม่รวม / รอรูปแบบและสถานที่
... A22: แหล่งข้อมูล | B22: docs/structure-budget-th.md (23 ต.ค. 2026) และกรอบงบใน docs/show-ready-plan-th.md (21 ต.ค. 2026) | C22: ข้อมูลประมาณการโครงการ
